{"cameraMode":{"drawMode":0,"name":"Shaded","section":"Shading Mode"},"sceneLighting":false,"audioPlay":false,"sceneViewState":{"m_AlwaysRefresh":false,"showFog":true,"showSkybox":false,"showFlares":true,"showImageEffects":true,"showParticleSystems":true,"showVisualEffectGraphs":true,"m_FxEnabled":false},"in2DMode":false,"pivot":{"x":378.1030578613281,"y":0.5344161987304688,"z":230.53956604003907},"rotation":{"x":0.11774492263793946,"y":-0.8309566378593445,"z":0.20610558986663819,"w":0.5091453194618225},"size":31.641132354736329,"orthographic":false}