{"cameraMode":{"drawMode":0,"name":"Shaded","section":"Shading Mode"},"sceneLighting":false,"audioPlay":false,"sceneViewState":{"m_AlwaysRefresh":false,"showFog":true,"showSkybox":false,"showFlares":true,"showImageEffects":true,"showParticleSystems":true,"showVisualEffectGraphs":true,"m_FxEnabled":false},"in2DMode":false,"pivot":{"x":364.42999267578127,"y":1.1100000143051148,"z":231.22000122070313},"rotation":{"x":-0.03510488569736481,"y":-0.9711470007896423,"z":0.10159886628389359,"w":-0.22669140994548798},"size":3.7279462814331056,"orthographic":false}