{"cameraMode":{"drawMode":0,"name":"Shaded","section":"Shading Mode"},"sceneLighting":false,"audioPlay":false,"sceneViewState":{"m_AlwaysRefresh":false,"showFog":true,"showSkybox":false,"showFlares":true,"showImageEffects":true,"showParticleSystems":true,"showVisualEffectGraphs":true,"m_FxEnabled":true},"in2DMode":false,"pivot":{"x":200.5275421142578,"y":143.28170776367188,"z":457.76104736328127},"rotation":{"x":-0.011866843327879906,"y":0.03764668107032776,"z":0.0000436618720414117,"w":0.9994171857833862},"size":27.749570846557618,"orthographic":false}