{"cameraMode":{"drawMode":0,"name":"Shaded","section":"Shading Mode"},"sceneLighting":true,"audioPlay":false,"sceneViewState":{"m_AlwaysRefresh":false,"showFog":true,"showSkybox":false,"showFlares":true,"showImageEffects":true,"showParticleSystems":true,"showVisualEffectGraphs":true,"m_FxEnabled":true},"in2DMode":false,"pivot":{"x":12.94922161102295,"y":20.010217666625978,"z":26.648048400878908},"rotation":{"x":0.17983883619308473,"y":-0.8006682395935059,"z":0.29361605644226076,"w":0.4904623329639435},"size":1.3198970556259156,"orthographic":false}