{"cameraMode":{"drawMode":0,"name":"Shaded","section":"Shading Mode"},"sceneLighting":true,"audioPlay":false,"sceneViewState":{"m_AlwaysRefresh":false,"showFog":true,"showSkybox":false,"showFlares":true,"showImageEffects":true,"showParticleSystems":true,"showVisualEffectGraphs":true,"m_FxEnabled":true},"in2DMode":false,"pivot":{"x":20.229768753051759,"y":4.8176703453063969,"z":25.935596466064454},"rotation":{"x":0.06692484021186829,"y":-0.8806577920913696,"z":0.13064450025558473,"w":0.45059260725975039},"size":33.332275390625,"orthographic":false}