{"cameraMode":{"drawMode":0,"name":"Shaded","section":"Shading Mode"},"sceneLighting":true,"audioPlay":false,"sceneViewState":{"m_AlwaysRefresh":false,"showFog":true,"showSkybox":true,"showFlares":true,"showImageEffects":true,"showParticleSystems":true,"showVisualEffectGraphs":true,"m_FxEnabled":true},"in2DMode":false,"pivot":{"x":103.12326049804688,"y":13.015177726745606,"z":139.44984436035157},"rotation":{"x":-0.06287681311368942,"y":0.3695450723171234,"z":-0.021405356004834176,"w":-0.9280338287353516},"size":11.574796676635743,"orthographic":false}