{"cameraMode":{"drawMode":0,"name":"Shaded","section":"Shading Mode"},"sceneLighting":true,"audioPlay":false,"sceneViewState":{"m_AlwaysRefresh":false,"showFog":true,"showSkybox":true,"showFlares":true,"showImageEffects":true,"showParticleSystems":true,"showVisualEffectGraphs":true,"m_FxEnabled":false},"in2DMode":false,"pivot":{"x":264.34844970703127,"y":3.6389999389648439,"z":336.9254150390625},"rotation":{"x":-0.16954830288887025,"y":-0.015114739537239075,"z":-0.010435555130243302,"w":-0.9877712726593018},"size":15.095577239990235,"orthographic":false}