{"cameraMode":{"drawMode":0,"name":"Shaded","section":"Shading Mode"},"sceneLighting":true,"audioPlay":false,"sceneViewState":{"m_AlwaysRefresh":false,"showFog":true,"showSkybox":true,"showFlares":true,"showImageEffects":true,"showParticleSystems":true,"showVisualEffectGraphs":true,"m_FxEnabled":true},"in2DMode":false,"pivot":{"x":4.176000118255615,"y":1.7823600769042969,"z":2.869999885559082},"rotation":{"x":0.09209933876991272,"y":-0.7557080388069153,"z":0.10852979123592377,"w":0.6394457221031189},"size":1.9090393781661988,"orthographic":false}