{"cameraMode":{"drawMode":0,"name":"Shaded","section":"Shading Mode"},"sceneLighting":true,"audioPlay":false,"sceneViewState":{"m_AlwaysRefresh":false,"showFog":true,"showSkybox":true,"showFlares":true,"showImageEffects":true,"showParticleSystems":true,"showVisualEffectGraphs":true,"m_FxEnabled":true},"in2DMode":false,"pivot":{"x":29.197498321533204,"y":1.028612732887268,"z":0.9969373345375061},"rotation":{"x":0.01291736587882042,"y":-0.970054030418396,"z":0.052734583616256717,"w":0.2376740723848343},"size":28.809110641479493,"orthographic":false}