{"cameraMode":{"drawMode":0,"name":"Shaded","section":"Shading Mode"},"sceneLighting":true,"audioPlay":false,"sceneViewState":{"m_AlwaysRefresh":false,"showFog":true,"showSkybox":true,"showFlares":true,"showImageEffects":true,"showParticleSystems":true,"showVisualEffectGraphs":true,"m_FxEnabled":true},"in2DMode":false,"pivot":{"x":-2.9874472618103029,"y":4.125938892364502,"z":17.45738983154297},"rotation":{"x":-0.03318581357598305,"y":0.08744748681783676,"z":-0.0028270131442695858,"w":-0.9957026243209839},"size":13.785531997680664,"orthographic":false}