{"cameraMode":{"drawMode":0,"name":"Shaded","section":"Shading Mode"},"sceneLighting":true,"audioPlay":false,"sceneViewState":{"m_AlwaysRefresh":false,"showFog":true,"showSkybox":true,"showFlares":true,"showImageEffects":true,"showParticleSystems":true,"showVisualEffectGraphs":true,"m_FxEnabled":false},"in2DMode":false,"pivot":{"x":357.78082275390627,"y":7.969264984130859,"z":356.39385986328127},"rotation":{"x":-0.09293349087238312,"y":0.16795697808265687,"z":-0.01818753406405449,"w":-0.981534481048584},"size":15.401398658752442,"orthographic":false}