{"cameraMode":{"drawMode":0,"name":"Shaded","section":"Shading Mode"},"sceneLighting":true,"audioPlay":false,"sceneViewState":{"m_AlwaysRefresh":false,"showFog":true,"showSkybox":true,"showFlares":true,"showImageEffects":true,"showParticleSystems":true,"showVisualEffectGraphs":true,"m_FxEnabled":true},"in2DMode":false,"pivot":{"x":0.33921003341674807,"y":-1.5271031856536866,"z":1.8605895042419434},"rotation":{"x":-0.08399535715579987,"y":0.8628208637237549,"z":-0.4745134115219116,"w":-0.15273112058639527},"size":5.284348964691162,"orthographic":false}