{"cameraMode":{"drawMode":0,"name":"Shaded","section":"Shading Mode"},"sceneLighting":false,"audioPlay":false,"sceneViewState":{"m_AlwaysRefresh":false,"showFog":true,"showSkybox":false,"showFlares":true,"showImageEffects":true,"showParticleSystems":true,"showVisualEffectGraphs":true,"m_FxEnabled":true},"in2DMode":false,"pivot":{"x":-0.18497133255004884,"y":3.999927043914795,"z":0.13445687294006349},"rotation":{"x":0.07363368570804596,"y":-0.9265694618225098,"z":0.25221073627471926,"w":0.2698480784893036},"size":7.0742034912109379,"orthographic":false}